id,first_name,last_name,email,balance,state
1,Jackquelin,Neave,jneave0@hao123.com,22687.59,California
2,Burton,Threlfall,bthrelfall1@4shared.com,44663.72,Florida
3,Desdemona,Sale,dsale2@feedburner.com,10293.46,California
4,Glennie,Beccera,gbeccera3@cbsnews.com,20092.17,Connecticut
5,Kennan,Shearstone,kshearstone4@nasa.gov,12568.01,Georgia
6,Brendan,Aitcheson,baitcheson5@bravesites.com,7043.92,Kansas
7,Ange,Skittrall,askittrall6@e-recht24.de,1072.87,Ohio
8,Jerad,Upjohn,jupjohn7@ow.ly,49091.12,Pennsylvania
9,Bruis,Iacabucci,biacabucci8@boston.com,26623.05,California
10,Lenka,Dennert,ldennert9@moonfruit.com,49163.0,District of Columbia
11,Ruby,Keningham,rkeninghama@cmu.edu,9674.53,Colorado
12,Caritta,Marin,cmarinb@miitbeian.gov.cn,32025.98,Kentucky
13,Pamella,Canning,pcanningc@cocolog-nifty.com,16398.64,Massachusetts
14,Althea,Hinzer,ahinzerd@howstuffworks.com,48898.46,California
15,Giffer,Barensen,gbarensene@uiuc.edu,7312.04,Colorado
16,Sayers,Breckell,sbreckellf@time.com,13584.69,South Carolina
17,Kara,Barczewski,kbarczewskig@dailymail.co.uk,4573.97,New York
18,Carmine,Hartas,chartash@seattletimes.com,12949.05,Oregon
19,Felipe,Spurriar,fspurriari@uiuc.edu,17941.85,Michigan
20,Ester,Lamort,elamortj@fema.gov,9899.58,California
21,Leonanie,Shawyers,lshawyersk@webeden.co.uk,17189.12,Hawaii
22,Misha,Beckensall,mbeckensalll@cbsnews.com,8259.22,Virginia
23,Ludovico,Olfert,lolfertm@e-recht24.de,9361.86,Ohio
24,Carlyle,Skain,cskainn@wordpress.com,5570.1,Georgia
25,Catharina,Chimes,cchimeso@samsung.com,17554.56,Texas
26,Agnola,Gonzales,agonzalesp@tinypic.com,49301.15,Texas
27,Gris,O'Suaird,gosuairdq@ca.gov,11765.58,Virginia
28,Neel,Jeays,njeaysr@tiny.cc,47358.79,California
29,Nollie,Radenhurst,nradenhursts@cnn.com,6348.14,Missouri
30,Malinda,Ridesdale,mridesdalet@nasa.gov,8034.6,Colorado
31,Wakefield,Thurnham,wthurnhamu@miibeian.gov.cn,7408.62,New York
32,Roderich,Aumerle,raumerlev@unicef.org,9680.57,Arizona
33,Meta,Boswell,mboswellw@cbc.ca,20515.07,Florida
34,Melvyn,Lago,mlagox@bloomberg.com,14014.93,Hawaii
35,Terrye,Parham,tparhamy@utexas.edu,19620.08,California
36,Carole,Lovell,clovellz@noaa.gov,33906.08,Florida
37,Marcelline,Cheesworth,mcheesworth10@youku.com,29705.77,Delaware
38,Caril,Hovel,chovel11@timesonline.co.uk,5928.03,Michigan
39,Lorraine,Oxenham,loxenham12@phpbb.com,32441.02,New York
40,Gabie,Screach,gscreach13@symantec.com,30716.31,North Dakota
41,Bert,Franseco,bfranseco14@adobe.com,2560.6,California
42,Ole,Steggals,osteggals15@newsvine.com,36185.3,Michigan
43,Klara,Cordell,kcordell16@amazonaws.com,36974.73,New York
44,Janek,Roswarne,jroswarne17@imageshack.us,19478.67,Colorado
45,Peterus,Yanuk,pyanuk18@nbcnews.com,31113.21,Georgia
46,Ermentrude,Eilhertsen,eeilhertsen19@samsung.com,42256.88,Virginia
47,Emanuel,Worshall,eworshall1a@twitpic.com,4576.95,Florida
48,Bethanne,Clerc,bclerc1b@tamu.edu,947.84,Texas
49,Dinah,Swindles,dswindles1c@istockphoto.com,35396.65,New York
50,Amalie,Degg,adegg1d@bloglovin.com,32153.57,Missouri
51,Ryun,Roseman,rroseman1e@smh.com.au,19709.4,Arkansas
52,Amberly,Rodden,arodden1f@discuz.net,18905.97,Tennessee
53,Emmott,Findlay,efindlay1g@icio.us,35925.04,Pennsylvania
54,Janet,Lanfear,jlanfear1h@google.de,811.1,New York
55,Lutero,Tytler,ltytler1i@networksolutions.com,31548.86,Nevada
56,Brandon,Warricker,bwarricker1j@nhs.uk,47664.03,Louisiana
57,Moise,Hulk,mhulk1k@cbc.ca,33939.88,California
58,Duffy,Pittem,dpittem1l@army.mil,43269.84,Idaho
59,Edyth,Roney,eroney1m@addthis.com,37479.51,Florida
60,Ketti,Nicklin,knicklin1n@dagondesign.com,11379.24,New York
61,Franny,Josefsen,fjosefsen1o@oracle.com,19771.31,Arkansas
62,Beatrisa,Dargue,bdargue1p@blinklist.com,22598.27,North Carolina
63,Moore,Simionescu,msimionescu1q@kickstarter.com,12836.63,Connecticut
64,Bertram,Goymer,bgoymer1r@state.tx.us,10483.24,Kentucky
65,Brenn,McAviy,bmcaviy1s@tamu.edu,12525.0,California
66,Allegra,Di Carli,adicarli1t@va.gov,48881.54,Nebraska
67,Lorine,Derkes,lderkes1u@deliciousdays.com,27079.72,Texas
68,Angil,Santore,asantore1v@zdnet.com,39622.02,New York
69,Pascal,Raunds,praunds1w@un.org,22708.68,Alabama
70,Elisabet,Lippini,elippini1x@stumbleupon.com,21360.22,South Carolina
71,Emlen,Chape,echape1y@businessweek.com,26311.23,Connecticut
72,Dinnie,Lemm,dlemm1z@360.cn,14464.53,Ohio
73,Sandro,Bilton,sbilton20@woothemes.com,15498.22,Oklahoma
74,Eduardo,Moyer,emoyer21@spiegel.de,12296.17,Ohio
75,Desdemona,Allsworth,dallsworth22@businessinsider.com,27011.83,Minnesota
76,Olimpia,Lackner,olackner23@pbs.org,36060.49,California
77,Cosme,Boake,cboake24@hhs.gov,41476.17,District of Columbia
78,Wade,Durnan,wdurnan25@soup.io,7889.78,Ohio
79,Gerianne,Bernardotte,gbernardotte26@booking.com,42660.26,California
80,Thorin,Kibard,tkibard27@hubpages.com,23587.95,New York
81,Grazia,McGilleghole,gmcgilleghole28@multiply.com,12857.49,Nevada
82,Karim,Radford,kradford29@storify.com,40230.35,Iowa
83,Linea,Tibbotts,ltibbotts2a@lulu.com,28559.13,Montana
84,Sherilyn,Yexley,syexley2b@slideshare.net,23609.29,Utah
85,Olia,Ghidoli,oghidoli2c@gmpg.org,46264.82,Utah
86,Gary,Guwer,gguwer2d@twitter.com,30484.24,Connecticut
87,Federica,Samways,fsamways2e@npr.org,41356.1,New Mexico
88,Lorene,Madison,lmadison2f@quantcast.com,14277.88,Kentucky
89,Audie,Kubala,akubala2g@msu.edu,24838.39,North Carolina
90,Devinne,Tothacot,dtothacot2h@drupal.org,47178.17,Pennsylvania
91,Aleta,Bailey,abailey2i@marketwatch.com,29740.48,Florida
92,Irena,Petrus,ipetrus2j@liveinternet.ru,22648.96,North Dakota
93,Janela,Trewartha,jtrewartha2k@histats.com,17312.77,Florida
94,Nowell,Castaneda,ncastaneda2l@github.io,10807.87,Oklahoma
95,Karil,Coppeard,kcoppeard2m@ihg.com,4469.81,California
96,Saunder,Angeli,sangeli2n@sbwire.com,36285.02,Florida
97,Keary,Brende,kbrende2o@sun.com,14399.77,Georgia
98,Pepita,Mayow,pmayow2p@nih.gov,48321.75,Missouri
99,Willette,Kinnin,wkinnin2q@deliciousdays.com,37520.51,Tennessee
100,Lorens,Bowman,lbowman2r@time.com,43813.5,Georgia
101,Lynnell,Korba,lkorba2s@acquirethisname.com,30784.14,Pennsylvania
102,Clevey,Matisse,cmatisse2t@twitpic.com,18174.88,Florida
103,Constanta,Capelow,ccapelow2u@shutterfly.com,7443.92,Missouri
104,Bambi,Drabble,bdrabble2v@ocn.ne.jp,19793.3,Kansas
105,Derk,Franchyonok,dfranchyonok2w@cdbaby.com,45403.98,Pennsylvania
106,Victoir,Waltho,vwaltho2x@salon.com,11966.26,Connecticut
107,Dacie,Crewes,dcrewes2y@adobe.com,11858.88,Ohio
108,Quincey,Falck,qfalck2z@google.de,2103.95,Florida
109,Shawnee,Tetla,stetla30@vkontakte.ru,29622.52,Texas
110,Barbee,Kobierski,bkobierski31@yandex.ru,49659.24,North Carolina
111,Chip,Canet,ccanet32@cnbc.com,27328.57,Wisconsin
112,Ferdie,Locks,flocks33@baidu.com,38376.92,Georgia
113,Lizette,Etienne,letienne34@issuu.com,49501.03,Georgia
114,Maurene,Maides,mmaides35@ebay.com,1307.47,California
115,Arlena,Rosenbloom,arosenbloom36@feedburner.com,13475.11,California
116,Domingo,Locock,dlocock37@4shared.com,19417.45,California
117,Amelia,Haddock,ahaddock38@wisc.edu,41856.79,District of Columbia
118,Darelle,McAvin,dmcavin39@about.me,40352.84,North Carolina
119,Hanson,Sammars,hsammars3a@infoseek.co.jp,26592.17,District of Columbia
120,Julie,Garth,jgarth3b@example.com,28580.26,California
121,Jedediah,Creek,jcreek3c@marriott.com,30273.07,New York
122,Kala,L'oiseau,kloiseau3d@phoca.cz,8756.02,Washington
123,Muhammad,Dolton,mdolton3e@jigsy.com,28296.8,California
124,Rob,Woodyatt,rwoodyatt3f@elpais.com,20399.37,Texas
125,Christiana,Josephi,cjosephi3g@edublogs.org,9651.08,South Carolina
126,Hedvig,Risby,hrisby3h@prweb.com,38097.08,Massachusetts
127,Opal,Clewes,oclewes3i@independent.co.uk,8702.75,Louisiana
128,Mattie,Firth,mfirth3j@t-online.de,47980.48,California
129,Osgood,Denis,odenis3k@vistaprint.com,45882.2,Texas
130,Forbes,Gough,fgough3l@cam.ac.uk,26865.6,District of Columbia
131,Jaquenette,Bridgett,jbridgett3m@mediafire.com,18231.92,California
132,Catha,Cheverell,ccheverell3n@mtv.com,1696.27,Utah
133,Rikki,McMichael,rmcmichael3o@xinhuanet.com,32677.76,Colorado
134,Tresa,Spencley,tspencley3p@printfriendly.com,16398.71,Texas
135,Mavra,Stranger,mstranger3q@about.me,25474.66,California
136,Gibby,Mahody,gmahody3r@example.com,15136.41,Nevada
137,Windham,Brogden,wbrogden3s@foxnews.com,15790.84,New Jersey
138,Sosanna,Gillise,sgillise3t@cornell.edu,3783.03,Washington
139,Zack,McMorran,zmcmorran3u@fastcompany.com,28938.8,Texas
140,Nicola,Goodhand,ngoodhand3v@nationalgeographic.com,25384.78,Indiana
141,Dwain,Scurrey,dscurrey3w@github.com,22750.16,Florida
142,Norah,Robrose,nrobrose3x@constantcontact.com,28172.17,Massachusetts
143,Karie,Brookwell,kbrookwell3y@multiply.com,20622.05,New York
144,Adi,Itzkovitch,aitzkovitch3z@unc.edu,10295.62,Florida
145,Daphne,Vail,dvail40@skype.com,14046.56,Minnesota
146,Alina,Barnwille,abarnwille41@cnbc.com,38509.78,Ohio
147,Neron,Wren,nwren42@cmu.edu,22722.15,Ohio
148,Elianora,Yarrall,eyarrall43@dailymail.co.uk,7259.14,Maryland
149,Jorge,Brader,jbrader44@ox.ac.uk,41966.01,Missouri
150,Dane,Artus,dartus45@surveymonkey.com,41004.24,Texas
151,Kaja,Wandrich,kwandrich46@europa.eu,4709.5,Texas
152,Brandice,Robbins,brobbins47@uiuc.edu,32948.75,Ohio
153,Shelli,Heinicke,sheinicke48@google.cn,46839.72,District of Columbia
154,Elijah,Skea,eskea49@opera.com,863.02,Florida
155,Dinny,Bountiff,dbountiff4a@squidoo.com,4477.64,Georgia
156,Ingeborg,Reinger,ireinger4b@infoseek.co.jp,19791.33,Texas
157,Farley,Duffrie,fduffrie4c@youtube.com,20277.88,California
158,Ulick,Constantine,uconstantine4d@jalbum.net,14168.63,West Virginia
159,Lianne,Scoone,lscoone4e@accuweather.com,21341.63,California
160,Lia,Stothart,lstothart4f@g.co,32885.7,Minnesota
161,Giacopo,De Atta,gdeatta4g@reverbnation.com,3371.88,Alabama
162,Maribeth,Saul,msaul4h@is.gd,44819.89,Arizona
163,Gerianne,Cotterrill,gcotterrill4i@state.gov,41425.86,California
164,Daisi,Inkle,dinkle4j@xinhuanet.com,25281.17,Georgia
165,Jarad,Killock,jkillock4k@abc.net.au,44960.62,Oklahoma
166,Dennie,Dockerty,ddockerty4l@marriott.com,14058.68,North Carolina
167,Ellerey,Sara,esara4m@unc.edu,29491.22,Florida
168,Addison,Pady,apady4n@ocn.ne.jp,43709.71,Kansas
169,Zerk,Charrington,zcharrington4o@wix.com,6739.38,California
170,Veriee,Roobottom,vroobottom4p@nature.com,42727.96,North Carolina
171,Benoite,Martelet,bmartelet4q@yolasite.com,1155.48,Arizona
172,Phip,McEnteggart,pmcenteggart4r@eventbrite.com,49716.76,New York
173,Padgett,Harsum,pharsum4s@vkontakte.ru,37078.28,New Hampshire
174,Hattie,Klishin,hklishin4t@quantcast.com,3525.58,Florida
175,Walther,Linforth,wlinforth4u@geocities.com,17985.87,Minnesota
176,Biddie,Shorthill,bshorthill4v@pbs.org,28062.66,Louisiana
177,Micheil,Gronno,mgronno4w@sfgate.com,36174.07,Washington
178,Cynthie,Boam,cboam4x@pbs.org,41242.63,Alabama
179,Gretchen,Golsby,ggolsby4y@stumbleupon.com,30941.68,Pennsylvania
180,Annnora,Grunnill,agrunnill4z@ucla.edu,40886.6,California
181,Orella,Muro,omuro50@economist.com,38270.29,Montana
182,Maud,Sygroves,msygroves51@ed.gov,33044.54,Washington
183,Romona,de Quesne,rdequesne52@msn.com,46474.1,Florida
184,Imojean,Bleasdille,ibleasdille53@istockphoto.com,2076.78,Minnesota
185,Larry,Woodroof,lwoodroof54@jalbum.net,7549.52,New Mexico
186,Fawne,Dukesbury,fdukesbury55@loc.gov,30404.7,North Carolina
187,Gilly,Battie,gbattie56@plala.or.jp,35677.02,Minnesota
188,Noe,Gorman,ngorman57@cbslocal.com,15430.09,New York
189,Lewiss,Deare,ldeare58@theguardian.com,18538.91,Florida
190,Adel,McKean,amckean59@state.gov,15948.83,Wisconsin
191,Cathrin,Kun,ckun5a@vkontakte.ru,3293.26,Minnesota
192,Mikkel,Denys,mdenys5b@hostgator.com,16421.14,Ohio
193,Cobby,Kimbly,ckimbly5c@reverbnation.com,29784.47,California
194,Salli,Himsworth,shimsworth5d@wsj.com,37796.2,Nevada
195,Stefania,McShirie,smcshirie5e@ocn.ne.jp,11570.56,Kansas
196,Fredi,Goodlip,fgoodlip5f@opera.com,35666.67,Minnesota
197,Emilio,Forsdicke,eforsdicke5g@opera.com,29973.56,Arizona
198,Sorcha,Hollibone,shollibone5h@usda.gov,33721.89,Nebraska
199,Artemus,Mallinder,amallinder5i@dagondesign.com,47139.16,Texas
200,Corliss,Boddam,cboddam5j@timesonline.co.uk,13657.48,Alaska
201,Celestyn,Chin,cchin5k@friendfeed.com,41644.41,Ohio
202,Svend,Lowery,slowery5l@cbsnews.com,39210.91,Texas
203,Bibby,Havoc,bhavoc5m@hostgator.com,31572.39,California
204,Shaw,Worlidge,sworlidge5n@state.gov,44318.28,Missouri
205,Gena,Tregent,gtregent5o@uiuc.edu,16885.59,Nevada
206,Hillier,Forson,hforson5p@whitehouse.gov,39104.05,California
207,Priscella,Amoore,pamoore5q@meetup.com,10912.2,Louisiana
208,Jamima,Rechert,jrechert5r@lycos.com,6906.0,Oregon
209,Yank,Bergstram,ybergstram5s@desdev.cn,46312.3,Michigan
210,Aarika,Fragino,afragino5t@thetimes.co.uk,32020.93,District of Columbia
211,Beryle,Schwier,bschwier5u@telegraph.co.uk,20651.98,Illinois
212,Zorana,Alforde,zalforde5v@blogs.com,2851.71,Utah
213,Gill,Domniney,gdomniney5w@webeden.co.uk,21628.11,New Mexico
214,Melvyn,Comellini,mcomellini5x@cbsnews.com,23011.62,Ohio
215,Robbi,Bennen,rbennen5y@google.ru,2651.84,Illinois
216,Aylmar,Tabb,atabb5z@shop-pro.jp,7995.08,Virginia
217,Penn,Drewe,pdrewe60@smugmug.com,42745.81,Louisiana
218,Faustina,Cordel,fcordel61@photobucket.com,43631.6,Pennsylvania
219,Rheta,Roset,rroset62@woothemes.com,48445.49,Florida
220,Gage,Fairebrother,gfairebrother63@phoca.cz,4608.28,Virginia
221,Christalle,Jacobs,cjacobs64@apache.org,39958.42,Missouri
222,Frederica,Iltchev,filtchev65@npr.org,32539.72,New York
223,Aridatha,Wheaton,awheaton66@google.de,34229.55,Iowa
224,Fredelia,Bowlands,fbowlands67@imgur.com,34084.96,California
225,Jilli,Quakley,jquakley68@skyrock.com,11925.21,Florida
226,Travus,Radnage,tradnage69@gov.uk,1073.7,Alabama
227,Wendall,Rawll,wrawll6a@printfriendly.com,11551.63,Texas
228,Hewett,Whoston,hwhoston6b@newyorker.com,6800.03,Nevada
229,Blanca,Llorente,bllorente6c@google.it,6717.54,District of Columbia
230,Ambrose,Mallinar,amallinar6d@aboutads.info,12634.54,Pennsylvania
231,Yorgo,Izakoff,yizakoff6e@typepad.com,30686.5,Texas
232,Erinna,Benedit,ebenedit6f@meetup.com,37983.58,Ohio
233,Dolorita,Slessar,dslessar6g@spiegel.de,39666.61,Florida
234,Ricardo,Biasi,rbiasi6h@github.com,18378.16,Michigan
235,Ringo,Sainz,rsainz6i@flavors.me,42887.7,California
236,Corrine,Beadell,cbeadell6j@webmd.com,46885.49,New York
237,Elsi,Guye,eguye6k@home.pl,44971.12,New York
238,Nelli,Wyllcocks,nwyllcocks6l@booking.com,10690.81,New York
239,Adina,Mullender,amullender6m@noaa.gov,20830.8,California
240,Alix,Lambourne,alambourne6n@ameblo.jp,35950.75,California
241,Melisse,Clair,mclair6o@wikia.com,43084.26,Virginia
242,Frederich,Airton,fairton6p@bloomberg.com,19993.61,West Virginia
243,Gwendolyn,Websdale,gwebsdale6q@lycos.com,6198.06,Texas
244,Rorie,Harron,rharron6r@amazon.de,43075.25,Minnesota
245,Annamaria,Moughton,amoughton6s@tmall.com,32957.75,New York
246,Frederique,Danskine,fdanskine6t@ifeng.com,28044.65,Michigan
247,Rene,Arundell,rarundell6u@deviantart.com,49446.34,Indiana
248,Shellie,Mouse,smouse6v@seesaa.net,36888.94,New York
249,Pearline,Saylor,psaylor6w@princeton.edu,20887.55,Florida
250,Kelci,Helversen,khelversen6x@toplist.cz,44885.16,New York
251,Julianna,Lloyd,jlloyd6y@diigo.com,35237.2,California
252,Louisa,Pattlel,lpattlel6z@prweb.com,40918.47,California
253,Benyamin,Spelwood,bspelwood70@washington.edu,12621.23,Missouri
254,Myca,Trousdale,mtrousdale71@newsvine.com,35755.69,Texas
255,Andres,Easterfield,aeasterfield72@github.com,17793.78,Texas
256,Mikol,Liddell,mliddell73@bloomberg.com,41296.33,California
257,Roderich,Bolstridge,rbolstridge74@telegraph.co.uk,49405.22,New York
258,Thedrick,Tilby,ttilby75@chicagotribune.com,18487.14,New York
259,Druci,Barnsdall,dbarnsdall76@sina.com.cn,15938.3,Nevada
260,Persis,Verchambre,pverchambre77@tuttocitta.it,558.62,Florida
261,Frank,Dionisetti,fdionisetti78@slate.com,11192.15,Illinois
262,Jourdain,Broadbridge,jbroadbridge79@fastcompany.com,13621.5,Michigan
263,Elbertina,Swindells,eswindells7a@histats.com,48150.17,Texas
264,Beulah,Mival,bmival7b@mysql.com,328.2,Pennsylvania
265,Sherilyn,Dussy,sdussy7c@github.io,46900.24,Virginia
266,Ransell,Hryskiewicz,rhryskiewicz7d@wikipedia.org,6083.46,Kentucky
267,Janean,Francombe,jfrancombe7e@cisco.com,14519.83,New York
268,Juliette,Sudlow,jsudlow7f@icq.com,30868.01,Texas
269,Alessandra,Tinn,atinn7g@vinaora.com,29801.46,Alabama
270,Raye,Hamer,rhamer7h@cbc.ca,46609.7,California
271,Lorraine,Stollsteiner,lstollsteiner7i@reverbnation.com,46489.19,Florida
272,Worthy,Furman,wfurman7j@theglobeandmail.com,19580.01,District of Columbia
273,Tammara,Jozefczak,tjozefczak7k@cocolog-nifty.com,11487.98,Missouri
274,Sandie,Diemer,sdiemer7l@shop-pro.jp,27777.11,Illinois
275,Shannon,King,sking7m@purevolume.com,8023.4,Florida
276,Randell,Chessman,rchessman7n@linkedin.com,46794.56,Iowa
277,Norry,Epperson,nepperson7o@dropbox.com,44462.07,Florida
278,Emlyn,Fisbey,efisbey7p@google.it,4588.53,Florida
279,Ulrikaumeko,Novacek,unovacek7q@wordpress.com,26838.23,California
280,Frayda,Keating,fkeating7r@wix.com,45402.17,North Carolina
281,Hyacinthie,Weinberg,hweinberg7s@usatoday.com,22864.22,Rhode Island
282,Joanne,Rattrie,jrattrie7t@freewebs.com,20429.76,Arizona
283,Arleta,Richard,arichard7u@answers.com,29872.42,California
284,Edgard,Gouny,egouny7v@sphinn.com,26557.29,Florida
285,Arden,Segoe,asegoe7w@shareasale.com,27505.79,Georgia
286,Obediah,Pendrick,opendrick7x@weather.com,32392.46,California
287,Ingrim,Pilkington,ipilkington7y@google.ru,14812.94,California
288,Godard,Broady,gbroady7z@hhs.gov,13801.76,Texas
289,Georgine,Gerkens,ggerkens80@slideshare.net,21591.45,Virginia
290,Vickie,Gruczka,vgruczka81@yahoo.com,13210.82,Michigan
291,Grethel,Renyard,grenyard82@cdbaby.com,42764.68,Missouri
292,Nicky,Eakins,neakins83@google.it,27247.38,Nebraska
293,Charmian,Steinhammer,csteinhammer84@quantcast.com,42942.7,Iowa
294,Levi,Henderson,lhenderson85@yellowbook.com,41.36,Nevada
295,Arabella,Lesley,alesley86@usda.gov,37279.05,Delaware
296,Bernadine,Keefe,bkeefe87@marriott.com,35425.15,Texas
297,Jeanine,Ruit,jruit88@guardian.co.uk,39965.25,Kansas
298,Rolando,Pietri,rpietri89@cnn.com,11189.57,South Dakota
299,Margie,Masseo,mmasseo8a@google.com,15225.82,Arizona
300,Ignacius,Kennea,ikennea8b@ustream.tv,27173.88,Texas
301,Nico,Farre,nfarre8c@newsvine.com,6274.37,Minnesota
302,Burtie,O'Shevlan,boshevlan8d@surveymonkey.com,16817.9,Michigan
303,Odelinda,Kofax,okofax8e@webs.com,44939.84,New York
304,Marybelle,Spavins,mspavins8f@angelfire.com,39506.49,California
305,Emelina,Mendez,emendez8g@rediff.com,21025.86,Alabama
306,Drusie,Avent,davent8h@bizjournals.com,25960.33,New York
307,Dean,Pirot,dpirot8i@i2i.jp,36389.86,Texas
308,Roda,Reeders,rreeders8j@google.cn,8514.57,Texas
309,Brear,Valentin,bvalentin8k@loc.gov,7532.1,New York
310,Reggy,Eberz,reberz8l@stumbleupon.com,19552.58,Idaho
311,Grier,Cocks,gcocks8m@blogtalkradio.com,45132.29,California
312,Alfie,Regelous,aregelous8n@macromedia.com,40025.25,New York
313,Amos,Beentjes,abeentjes8o@si.edu,22198.67,Texas
314,Trev,Grayley,tgrayley8p@unc.edu,21439.86,Indiana
315,Ame,Troillet,atroillet8q@bizjournals.com,35404.09,Florida
316,Rowe,MacMechan,rmacmechan8r@blogspot.com,26811.23,Texas
317,Bayard,Wipfler,bwipfler8s@freewebs.com,25160.29,Kansas
318,Amble,Fearney,afearney8t@fda.gov,44539.35,District of Columbia
319,Denice,Dundendale,ddundendale8u@qq.com,14598.14,Georgia
320,Theda,Gallyon,tgallyon8v@google.co.uk,7404.6,Indiana
321,Ethelred,Florio,eflorio8w@intel.com,13281.37,Washington
322,Kiley,Daulton,kdaulton8x@salon.com,14575.55,Florida
323,Nat,Dilliway,ndilliway8y@nba.com,19753.84,Missouri
324,Felicio,Eisikowitch,feisikowitch8z@hexun.com,30005.24,New York
325,Ginnifer,Ivasechko,givasechko90@hugedomains.com,17155.22,Arizona
326,Lyn,Pechell,lpechell91@fda.gov,27536.68,District of Columbia
327,Joyan,Corder,jcorder92@hp.com,49927.22,Florida
328,Vance,Nehlsen,vnehlsen93@wisc.edu,43485.17,Oklahoma
329,Janet,Drife,jdrife94@1und1.de,13623.05,California
330,Katharyn,Stearndale,kstearndale95@sogou.com,45627.89,Texas
331,Michelle,Piccop,mpiccop96@amazon.co.jp,4066.74,California
332,Thurstan,Layton,tlayton97@deviantart.com,16086.45,Texas
333,Kylynn,Scarf,kscarf98@hostgator.com,15175.22,California
334,Zelig,Bezley,zbezley99@pagesperso-orange.fr,10613.76,Ohio
335,Franklyn,Ludl,fludl9a@symantec.com,573.15,Oklahoma
336,Chloette,Gelling,cgelling9b@japanpost.jp,36467.8,Connecticut
337,Frederick,Nand,fnand9c@people.com.cn,19679.94,Missouri
338,Deena,Karppi,dkarppi9d@wikipedia.org,31276.49,District of Columbia
339,Leopold,Matschoss,lmatschoss9e@examiner.com,1791.47,Arizona
340,Valentino,Turneaux,vturneaux9f@newsvine.com,1500.37,Oklahoma
341,Emmanuel,Cockshutt,ecockshutt9g@utexas.edu,15722.9,Indiana
342,Michaella,Kassman,mkassman9h@ehow.com,19422.12,New Jersey
343,Dalila,Chaloner,dchaloner9i@webeden.co.uk,22739.31,Texas
344,Lilyan,Blackly,lblackly9j@arstechnica.com,18197.59,Arizona
345,Tiffani,Harvison,tharvison9k@hibu.com,41853.22,Michigan
346,Aili,McAuley,amcauley9l@nsw.gov.au,2016.95,California
347,Emelita,Sedgeworth,esedgeworth9m@vkontakte.ru,18631.6,Mississippi
348,Merv,Kirwood,mkirwood9n@jigsy.com,34226.56,Texas
349,Nathalia,Squibe,nsquibe9o@mozilla.com,48892.48,Pennsylvania
350,Irene,Latus,ilatus9p@gnu.org,25078.51,Georgia
351,Eberto,Disbrow,edisbrow9q@exblog.jp,20410.96,California
352,Fredra,Bosence,fbosence9r@usnews.com,37955.25,Washington
353,Pren,Kira,pkira9s@phoca.cz,9533.38,Nevada
354,Biddy,Mauvin,bmauvin9t@foxnews.com,46553.34,Tennessee
355,Roosevelt,Mathiasen,rmathiasen9u@ibm.com,6701.33,Louisiana
356,Trudie,Huebner,thuebner9v@imageshack.us,3555.87,California
357,Grace,Feavers,gfeavers9w@spiegel.de,47937.56,Montana
358,Siana,Mote,smote9x@bloglines.com,22537.47,Florida
359,Ivy,Blowing,iblowing9y@goodreads.com,22698.78,Oklahoma
360,Kelly,Derrington,kderrington9z@nyu.edu,7436.91,West Virginia
361,Ilario,Booty,ibootya0@marketwatch.com,18211.36,Georgia
362,Lou,Rillatt,lrillatta1@joomla.org,46254.6,Texas
363,Alisun,Boulds,abouldsa2@thetimes.co.uk,15000.67,New Jersey
364,Sibeal,Ginnane,sginnanea3@g.co,5654.01,Montana
365,Flossie,Ugoni,fugonia4@washington.edu,27112.57,District of Columbia
366,Wendy,Parfett,wparfetta5@behance.net,9249.23,Arizona
367,Franky,Whyard,fwhyarda6@google.com.br,36396.49,Florida
368,Johnath,McCurtain,jmccurtaina7@sakura.ne.jp,34122.51,Washington
369,Abelard,Levermore,alevermorea8@bbb.org,47764.92,Texas
370,Massimiliano,Lyddiatt,mlyddiatta9@nature.com,14992.06,California
371,Amelie,Yeliashev,ayeliashevaa@wp.com,42503.7,Nevada
372,Starla,Lemonnier,slemonnierab@ebay.com,9218.09,California
373,Clovis,Epp,ceppac@mysql.com,48478.15,Tennessee
374,Darcie,Hutchence,dhutchencead@yolasite.com,9487.9,Ohio
375,Grady,Crowe,gcroweae@nydailynews.com,11829.04,District of Columbia
376,Sibilla,Tweedle,stweedleaf@exblog.jp,24140.26,Florida
377,Ardisj,Turgoose,aturgooseag@weibo.com,23129.33,California
378,Kevyn,Marchelli,kmarchelliah@cbc.ca,4347.02,Arizona
379,Brenda,Ginglell,bginglellai@phoca.cz,34612.75,Ohio
380,Ferdinande,Marryatt,fmarryattaj@mail.ru,31836.92,California
381,Kathy,Caselli,kcaselliak@msu.edu,15744.27,Virginia
382,Abbie,Brewin,abrewinal@360.cn,27667.64,Virginia
383,Adiana,Fahey,afaheyam@buzzfeed.com,26192.0,Texas
384,Cinderella,Burbank,cburbankan@tumblr.com,6564.62,California
385,Ardelia,d'Escoffier,adescoffierao@themeforest.net,23323.31,Colorado
386,Derk,Kernaghan,dkernaghanap@i2i.jp,26805.43,West Virginia
387,Colman,Libby,clibbyaq@utexas.edu,19927.6,Kansas
388,Nikki,Menlow,nmenlowar@chron.com,37526.1,New Jersey
389,Constantino,Winston,cwinstonas@utexas.edu,28582.88,California
390,Sacha,Quinney,squinneyat@fc2.com,850.07,California
391,Paulie,Dodshon,pdodshonau@baidu.com,37878.39,Connecticut
392,Hector,Muriel,hmurielav@flavors.me,14494.12,Indiana
393,Frederique,Eddoes,feddoesaw@senate.gov,41713.4,Massachusetts
394,Lydia,McGilbon,lmcgilbonax@aol.com,37474.32,Virginia
395,Timothee,Kefford,tkefforday@constantcontact.com,9413.4,Massachusetts
396,Vachel,Hebner,vhebneraz@virginia.edu,7608.2,Texas
397,Aline,Farnell,afarnellb0@people.com.cn,7065.66,Alabama
398,Nehemiah,Toler,ntolerb1@phoca.cz,2778.45,Florida
399,Klement,Eblein,kebleinb2@dyndns.org,44042.33,California
400,Michaelina,Braganza,mbraganzab3@t-online.de,8802.94,Iowa
401,Carlota,McTurk,cmcturkb4@tiny.cc,9418.07,Kansas
402,Johnathan,Gorhardt,jgorhardtb5@techcrunch.com,44319.98,Florida
403,Sinclair,Pitway,spitwayb6@thetimes.co.uk,1337.27,Maryland
404,Fern,Drinkeld,fdrinkeldb7@constantcontact.com,5878.36,Texas
405,Mano,Adicot,madicotb8@dion.ne.jp,8841.6,Connecticut
406,Angel,Tabourier,atabourierb9@washingtonpost.com,35411.94,Virginia
407,Avis,Gratland,agratlandba@ning.com,25490.5,Virginia
408,Wang,Crudginton,wcrudgintonbb@cocolog-nifty.com,44747.59,Georgia
409,Aurore,Grabiec,agrabiecbc@sitemeter.com,41961.43,California
410,Georgetta,Fuentes,gfuentesbd@moonfruit.com,20530.83,New York
411,Natalya,Laidler,nlaidlerbe@mlb.com,17362.62,Michigan
412,Hermione,Dairton,hdairtonbf@spiegel.de,3849.47,New Jersey
413,Olwen,Haldon,ohaldonbg@slashdot.org,15392.39,New York
414,Nicol,Collingridge,ncollingridgebh@indiegogo.com,42741.82,Florida
415,Trevor,Gager,tgagerbi@cnn.com,22871.83,Texas
416,Gerrie,Gowthorpe,ggowthorpebj@bloglovin.com,7731.98,Alabama
417,Larine,Wakeham,lwakehambk@moonfruit.com,45312.56,New York
418,Towney,Fibbit,tfibbitbl@barnesandnoble.com,20271.45,California
419,Griff,Forgie,gforgiebm@wordpress.org,39076.94,Montana
420,Bonny,Elcock,belcockbn@blogspot.com,49103.51,New York
421,Bern,Tuma,btumabo@friendfeed.com,30499.29,Virginia
422,Terrence,Capel,tcapelbp@seesaa.net,42597.51,Nevada
423,Harp,Keniwell,hkeniwellbq@flickr.com,41121.4,Utah
424,Joly,Andreev,jandreevbr@smh.com.au,21478.76,Florida
425,Rodd,Salsbury,rsalsburybs@squarespace.com,19607.23,Georgia
426,Dyane,Fenby,dfenbybt@yahoo.co.jp,33665.59,Nebraska
427,Freemon,Kapelhof,fkapelhofbu@shutterfly.com,37987.05,Missouri
428,Otto,Otton,oottonbv@hibu.com,20792.94,California
429,Sheela,Quenell,squenellbw@icq.com,11106.07,Idaho
430,Sile,Loache,sloachebx@clickbank.net,45279.52,Tennessee
431,Bonny,Jahns,bjahnsby@disqus.com,36069.59,Texas
432,Alfred,Buckoke,abuckokebz@netlog.com,13653.43,Kentucky
433,Land,Le Bosse,llebossec0@miibeian.gov.cn,31870.71,California
434,Kennan,Catonne,kcatonnec1@woothemes.com,42641.59,Florida
435,Ranee,Brood,rbroodc2@example.com,46266.36,California
436,Fan,Laguerre,flaguerrec3@networksolutions.com,25961.17,Massachusetts
437,Celisse,Clarage,cclaragec4@goodreads.com,23231.11,California
438,Roger,O'Halligan,rohalliganc5@buzzfeed.com,38499.2,Wisconsin
439,Ceil,Haggata,chaggatac6@census.gov,25441.64,Texas
440,Vallie,Dureden,vduredenc7@slideshare.net,22514.74,Minnesota
441,Renata,Verissimo,rverissimoc8@blogs.com,35807.18,California
442,Sharai,Leith-Harvey,sleithharveyc9@odnoklassniki.ru,21062.81,New York
443,Julianne,Beverstock,jbeverstockca@yellowbook.com,28309.42,Florida
444,Lorri,Quilleash,lquilleashcb@jimdo.com,2607.68,California
445,Octavius,O'Hagan,oohagancc@livejournal.com,37428.09,California
446,Mikael,Fennelow,mfennelowcd@acquirethisname.com,28277.18,Pennsylvania
447,Faye,Sinderson,fsindersonce@go.com,15086.84,South Carolina
448,Gilbert,Kearney,gkearneycf@multiply.com,37895.81,Pennsylvania
449,Hatty,Bentame,hbentamecg@51.la,8182.57,District of Columbia
450,Annelise,Ottiwill,aottiwillch@nps.gov,43601.95,Ohio
451,Arabelle,Ganiford,aganifordci@exblog.jp,45071.07,Texas
452,Cheston,Fader,cfadercj@list-manage.com,13677.07,North Carolina
453,Darby,Clarkson,dclarksonck@mapquest.com,36763.68,Indiana
454,Wynny,Franzewitch,wfranzewitchcl@independent.co.uk,1612.81,New Hampshire
455,Corissa,Lippi,clippicm@reference.com,42400.05,Idaho
456,Marion,Gercke,mgerckecn@icio.us,26637.17,Oregon
457,Paton,Symms,psymmsco@wikipedia.org,2660.97,Texas
458,Obed,Blanchflower,oblanchflowercp@moonfruit.com,20474.35,Florida
459,Sholom,Jukes,sjukescq@hc360.com,38187.63,California
460,Winn,Bogeys,wbogeyscr@fotki.com,36640.11,Connecticut
461,Trula,Dalgarnowch,tdalgarnowchcs@dyndns.org,42947.73,Tennessee
462,Anica,Thinn,athinnct@dell.com,17801.7,Ohio
463,Nikkie,Kilgrew,nkilgrewcu@auda.org.au,11266.39,Utah
464,Klemens,Meneyer,kmeneyercv@google.de,12412.93,New York
465,Nert,Gayler,ngaylercw@woothemes.com,17464.16,Texas
466,Penny,Birtchnell,pbirtchnellcx@desdev.cn,215.17,North Carolina
467,Vanni,Hales,vhalescy@godaddy.com,6890.76,New York
468,Jody,Pettie,jpettiecz@soup.io,34322.59,California
469,Theresa,Dukelow,tdukelowd0@issuu.com,25735.18,Minnesota
470,Maureen,Gilroy,mgilroyd1@shutterfly.com,19670.23,California
471,Efren,Shires,eshiresd2@techcrunch.com,47388.48,New York
472,Johnathon,O' Donohoe,jodonohoed3@pcworld.com,11723.65,Oklahoma
473,Bordie,Backman,bbackmand4@infoseek.co.jp,44727.82,Arizona
474,Diann,Blucher,dblucherd5@studiopress.com,14475.47,Florida
475,Natty,Shropshire,nshropshired6@ning.com,6658.07,Kansas
476,Thain,Moreside,tmoresided7@ebay.com,10431.34,Florida
477,Alyssa,Roast,aroastd8@shop-pro.jp,22802.33,North Carolina
478,Halsy,Servis,hservisd9@illinois.edu,11105.62,New York
479,Lemmie,Fuentez,lfuentezda@unicef.org,5648.91,California
480,Joelle,Lardier,jlardierdb@disqus.com,30521.42,Nebraska
481,Cori,Bartalot,cbartalotdc@vistaprint.com,16732.16,New York
482,Giselbert,Phillipps,gphillippsdd@dot.gov,3005.67,New York
483,Belle,Renbold,brenboldde@t-online.de,42757.48,Oklahoma
484,Chevalier,Pashby,cpashbydf@newyorker.com,7440.79,Tennessee
485,Rhodie,Rewbottom,rrewbottomdg@xing.com,46601.21,Iowa
486,Nevsa,Bishop,nbishopdh@cdbaby.com,16051.48,North Carolina
487,Nicol,Snartt,nsnarttdi@360.cn,22331.12,Washington
488,Darell,Ashe,dashedj@comcast.net,7570.27,Texas
489,Cosette,Rushbrooke,crushbrookedk@illinois.edu,14287.59,Texas
490,Ellary,Pillman,epillmandl@amazon.co.uk,47906.09,New York
491,Beltran,Colgrave,bcolgravedm@friendfeed.com,9577.63,Missouri
492,Evonne,Gresty,egrestydn@1688.com,14678.44,New York
493,Lindie,Butterfield,lbutterfielddo@cnet.com,25615.61,Delaware
494,Meade,Van der Hoven,mvanderhovendp@storify.com,36424.73,Ohio
495,Cammy,McKinna,cmckinnadq@ftc.gov,20477.95,Colorado
496,Kai,Russel,krusseldr@indiatimes.com,2544.24,California
497,Stafani,Ives,sivesds@examiner.com,10326.02,District of Columbia
498,Whit,Melloy,wmelloydt@photobucket.com,46743.38,Texas
499,Feliza,Shoard,fshoarddu@sciencedirect.com,29926.62,Kentucky
500,Carlo,Kerry,ckerrydv@etsy.com,10092.86,Colorado
501,Gris,Brickstock,gbrickstockdw@netscape.com,14096.47,Indiana
502,Natty,Iggo,niggodx@w3.org,8380.81,Tennessee
503,Teresina,Garrand,tgarranddy@netlog.com,21065.44,Indiana
504,Jaclin,Bottinelli,jbottinellidz@slideshare.net,46245.53,Maryland
505,Roy,Davidescu,rdavidescue0@godaddy.com,3641.15,New York
506,Arturo,Grene,agrenee1@drupal.org,14363.92,Oklahoma
507,Lynne,Ashall,lashalle2@house.gov,24463.97,Ohio
508,Bria,Bezemer,bbezemere3@google.cn,27252.02,Florida
509,Amory,Ibeson,aibesone4@google.com,12694.22,Michigan
510,Waverley,Anstiss,wanstisse5@skype.com,19718.99,New York
511,Goober,Ravillas,gravillase6@ucla.edu,7626.67,Virginia
512,Camella,Hayer,chayere7@ucoz.ru,26606.66,Louisiana
513,Johan,Barniss,jbarnisse8@usa.gov,26102.6,Texas
514,August,Yezafovich,ayezafoviche9@telegraph.co.uk,23827.9,Kansas
515,Ximenes,McKeurtan,xmckeurtanea@theguardian.com,29832.09,Virginia
516,Gwen,Room,groomeb@digg.com,40674.74,Alabama
517,Cordy,Pavlitschek,cpavlitschekec@nymag.com,33941.19,California
518,Hussein,Brook,hbrooked@noaa.gov,1205.38,Tennessee
519,Kathryn,Yeude,kyeudeee@ifeng.com,37955.64,District of Columbia
520,Tracey,Coole,tcooleef@rediff.com,42662.67,Iowa
521,Tobin,Foden,tfodeneg@wired.com,48708.35,California
522,Chelsae,Bevan,cbevaneh@dedecms.com,18733.18,Kentucky
523,Bartholomeus,Placidi,bplacidiei@acquirethisname.com,44321.09,Indiana
524,Robbi,Chater,rchaterej@wordpress.org,28611.38,Florida
525,Keriann,Brimm,kbrimmek@springer.com,15823.27,New Hampshire
526,Irwinn,Shoard,ishoardel@businessweek.com,45596.22,Michigan
527,Henrieta,Corris,hcorrisem@infoseek.co.jp,42022.87,South Carolina
528,Lorant,Lief,lliefen@pagesperso-orange.fr,27953.88,Massachusetts
529,Ardra,Leupoldt,aleupoldteo@furl.net,28514.04,Oklahoma
530,Josiah,Silverstone,jsilverstoneep@addthis.com,10749.06,Delaware
531,Cicily,Agates,cagateseq@arstechnica.com,42745.59,Florida
532,Bamby,Asprey,baspreyer@reverbnation.com,46579.79,Texas
533,Hermon,Peye,hpeyees@blogs.com,19767.52,Michigan
534,Mackenzie,Brazear,mbrazearet@unesco.org,7906.37,Massachusetts
535,Jarrod,Hynson,jhynsoneu@jalbum.net,22934.13,California
536,Paxon,Laite,plaiteev@fda.gov,44995.48,Florida
537,Rodolph,Legrice,rlegriceew@google.com,10940.22,Nevada
538,Nataniel,Bridgwater,nbridgwaterex@cargocollective.com,24766.5,Maryland
539,Odey,Kershaw,okershawey@blinklist.com,33048.56,North Carolina
540,Shea,Farnell,sfarnellez@gmpg.org,17136.23,Florida
541,Jobi,Hukins,jhukinsf0@dedecms.com,8613.26,Mississippi
542,Briant,Core,bcoref1@gmpg.org,19584.27,Pennsylvania
543,Conchita,Dunrige,cdunrigef2@meetup.com,19864.57,Texas
544,Errick,Poynzer,epoynzerf3@tumblr.com,49873.33,South Carolina
545,Fredelia,Tookill,ftookillf4@fc2.com,2541.51,Texas
546,Hendrick,Bensusan,hbensusanf5@homestead.com,23962.81,California
547,Davin,McGennis,dmcgennisf6@kickstarter.com,16876.44,Virginia
548,Isac,Gimlet,igimletf7@examiner.com,24205.03,Alabama
549,Guglielmo,Heibl,gheiblf8@newsvine.com,6998.56,Tennessee
550,Brunhilde,Crosham,bcroshamf9@last.fm,25666.25,Ohio
551,Calvin,Preddle,cpreddlefa@disqus.com,41606.65,New Jersey
552,Penelopa,Errett,perrettfb@xing.com,4040.69,Virginia
553,Yovonnda,Ruller,yrullerfc@twitter.com,33301.49,Florida
554,Evie,Rollinson,erollinsonfd@simplemachines.org,28569.09,Alabama
555,Charles,Brunini,cbruninife@aboutads.info,8357.59,Alabama
556,Curt,Dickerson,cdickersonff@istockphoto.com,48047.27,Indiana
557,Jaclin,Ainge,jaingefg@etsy.com,643.56,Minnesota
558,Christalle,Main,cmainfh@ameblo.jp,37313.15,Ohio
559,Killie,Proby,kprobyfi@purevolume.com,34079.97,West Virginia
560,Doyle,Graveston,dgravestonfj@ustream.tv,38722.39,Alabama
561,Darby,D'Angeli,ddangelifk@php.net,17616.5,California
562,Baxy,Braybrooks,bbraybrooksfl@sitemeter.com,19059.01,Pennsylvania
563,Jeannette,Parvin,jparvinfm@biglobe.ne.jp,25875.41,Texas
564,Lynea,Hrinishin,lhrinishinfn@time.com,43726.69,Texas
565,Casper,Braxton,cbraxtonfo@csmonitor.com,36571.35,Ohio
566,Gaye,Morrissey,gmorrisseyfp@biglobe.ne.jp,36404.2,Florida
567,Carma,Click,cclickfq@auda.org.au,3893.0,Colorado
568,Mariel,Doree,mdoreefr@economist.com,33929.63,California
569,Tybie,Yon,tyonfs@bloglovin.com,7789.52,Florida
570,Ilise,Nijs,inijsft@homestead.com,8025.87,Maryland
571,Kearney,Ferreira,kferreirafu@jigsy.com,2981.01,South Carolina
572,Kent,Dunkerk,kdunkerkfv@fda.gov,44861.66,California
573,Dru,Locard,dlocardfw@shinystat.com,5373.98,Massachusetts
574,Myrilla,Briddock,mbriddockfx@hc360.com,39658.36,Massachusetts
575,Morganne,Huortic,mhuorticfy@utexas.edu,1536.94,West Virginia
576,Roscoe,Domonkos,rdomonkosfz@yelp.com,36750.29,Texas
577,Mathian,Smitham,msmithamg0@unblog.fr,7920.55,California
578,Abby,Caccavale,acaccavaleg1@artisteer.com,45274.6,West Virginia
579,Chrissy,Wassung,cwassungg2@nydailynews.com,12901.88,Texas
580,Innis,Hildrew,ihildrewg3@tiny.cc,30154.01,Florida
581,Carly,Brodeur,cbrodeurg4@bloglovin.com,20756.6,California
582,Cybil,Reveley,creveleyg5@gravatar.com,24996.2,Texas
583,Eve,Levermore,elevermoreg6@msn.com,25141.71,New Jersey
584,Laurel,Pindar,lpindarg7@is.gd,33639.6,Virginia
585,Alfy,Hurdis,ahurdisg8@cnn.com,16161.86,Ohio
586,Gibby,Antunes,gantunesg9@icq.com,49748.77,Michigan
587,Dorisa,Heasly,dheaslyga@time.com,1335.8,Alabama
588,Fanchette,Stedall,fstedallgb@arstechnica.com,40105.54,Texas
589,Tull,Parmby,tparmbygc@wikispaces.com,8340.19,Utah
590,Simmonds,MacSkeaghan,smacskeaghangd@boston.com,14757.41,Alabama
591,Benedikta,Malyj,bmalyjge@forbes.com,28792.45,Iowa
592,Hortensia,Augustus,haugustusgf@digg.com,37295.81,Ohio
593,Leonie,Allso,lallsogg@networkadvertising.org,22145.95,Oregon
594,Jania,Caudle,jcaudlegh@mlb.com,22547.01,Pennsylvania
595,Elton,Saberton,esabertongi@cornell.edu,39768.35,Oklahoma
596,Ignacio,Sisley,isisleygj@meetup.com,11544.17,Maryland
597,Richard,Pecha,rpechagk@reuters.com,24050.07,Ohio
598,Sonja,Hurndall,shurndallgl@narod.ru,24617.67,California
599,Tiff,Larkings,tlarkingsgm@ezinearticles.com,2276.03,Arizona
600,Jillayne,Lantaph,jlantaphgn@samsung.com,22628.77,Ohio
601,Gian,Durie,gduriego@deliciousdays.com,22235.71,Texas
602,Terza,Hookes,thookesgp@merriam-webster.com,37930.97,Kentucky
603,Shurlock,Perigeaux,sperigeauxgq@home.pl,20935.17,Arizona
604,Mady,Warren,mwarrengr@eepurl.com,36526.12,Colorado
605,Annissa,Bawle,abawlegs@woothemes.com,15115.07,Minnesota
606,Giustino,Hourstan,ghourstangt@netscape.com,28013.36,Minnesota
607,Arman,Sherburn,asherburngu@bravesites.com,5918.82,Missouri
608,Gelya,Minichi,gminichigv@ibm.com,13370.6,Hawaii
609,Rosa,Harkes,rharkesgw@theatlantic.com,9664.77,California
610,Dedra,Boylund,dboylundgx@google.com.hk,6031.45,Arizona
611,Bram,Starcks,bstarcksgy@mapy.cz,10992.07,Colorado
612,Jacqueline,Dolby,jdolbygz@deliciousdays.com,18071.03,North Carolina
613,Gilligan,Fenney,gfenneyh0@posterous.com,43566.36,Georgia
614,Louisa,Kordes,lkordesh1@comsenz.com,6083.77,Florida
615,Vernen,Whittaker,vwhittakerh2@symantec.com,31540.83,Texas
616,Abbey,Holdall,aholdallh3@4shared.com,40414.27,New York
617,Cristiano,Leavens,cleavensh4@globo.com,13852.54,Virginia
618,Hagan,de Leon,hdeleonh5@irs.gov,34764.88,District of Columbia
619,Alexandrina,Rotge,arotgeh6@spotify.com,47501.85,South Dakota
620,Ulysses,Natalie,unatalieh7@sun.com,13393.78,Arizona
621,Elsbeth,Lowers,elowersh8@i2i.jp,39502.8,Texas
622,Ezri,Bleyman,ebleymanh9@sciencedirect.com,28147.0,Texas
623,Melisse,Dowbekin,mdowbekinha@creativecommons.org,43731.47,South Dakota
624,Raquel,Frame,rframehb@storify.com,28447.75,Arizona
625,Ninnetta,Ranby,nranbyhc@independent.co.uk,34227.55,Ohio
626,Grantham,Newsham,gnewshamhd@fotki.com,21775.68,Virginia
627,Winny,Tapley,wtapleyhe@home.pl,721.24,California
628,Damita,Wilsdon,dwilsdonhf@constantcontact.com,28772.67,Georgia
629,Robbin,Milsap,rmilsaphg@msu.edu,43578.85,Florida
630,Wald,McVrone,wmcvronehh@vimeo.com,29946.02,California
631,Rebe,Smeeth,rsmeethhi@wikispaces.com,36279.86,Idaho
632,Hailee,Dibling,hdiblinghj@arstechnica.com,32929.82,Texas
633,Mathian,Gravie,mgraviehk@mashable.com,5039.68,Ohio
634,Sibylle,Tyer,styerhl@biglobe.ne.jp,23760.96,Virginia
635,Dominique,Masey,dmaseyhm@gov.uk,22672.26,Ohio
636,Becca,Fletham,bflethamhn@foxnews.com,13789.14,Texas
637,Carlin,Trundle,ctrundleho@nasa.gov,23291.69,Georgia
638,Dorena,Jiru,djiruhp@mit.edu,18362.58,Minnesota
639,Rolph,Bew,rbewhq@independent.co.uk,36415.9,Florida
640,Aluino,Pesik,apesikhr@delicious.com,18144.68,Texas
641,Quillan,Freund,qfreundhs@narod.ru,10391.95,Virginia
642,Judd,Whitwood,jwhitwoodht@privacy.gov.au,33742.77,Delaware
643,Bobbi,Canfield,bcanfieldhu@bing.com,35242.27,New York
644,Tandi,Kinane,tkinanehv@cmu.edu,19543.14,Florida
645,Orel,Cholonin,ocholoninhw@ed.gov,6062.57,Minnesota
646,Kasey,Finnis,kfinnishx@goo.ne.jp,7179.82,Virginia
647,Tess,Critzen,tcritzenhy@state.gov,39237.91,Ohio
648,Marilin,Oxtoby,moxtobyhz@google.pl,26550.2,District of Columbia
649,Walliw,Reeday,wreedayi0@w3.org,42931.89,Texas
650,Hillary,Weadick,hweadicki1@sfgate.com,40810.07,Virginia
651,Priscilla,Lilleyman,plilleymani2@biblegateway.com,9651.52,Washington
652,Evaleen,Pykett,epyketti3@opera.com,10422.57,South Carolina
653,Leonhard,Tweedell,ltweedelli4@globo.com,45460.38,Missouri
654,Rosalind,Loisi,rloisii5@home.pl,45917.61,Florida
655,Tammie,Peers,tpeersi6@51.la,25373.83,Washington
656,Heywood,Svanetti,hsvanettii7@typepad.com,34544.04,Alabama
657,Bernardo,Dunthorn,bdunthorni8@dagondesign.com,39749.73,California
658,Charo,Defau,cdefaui9@woothemes.com,19048.97,California
659,Allin,Griswaite,agriswaiteia@yolasite.com,18342.5,North Carolina
660,Rubin,Drover,rdroverib@webeden.co.uk,16770.64,Rhode Island
661,Martica,McReynolds,mmcreynoldsic@chron.com,15985.97,Colorado
662,Conrado,Jarville,cjarvilleid@shutterfly.com,17111.08,California
663,Sophia,Brodeau,sbrodeauie@arizona.edu,182.79,Illinois
664,Brook,Tedder,btedderif@twitter.com,9107.8,Florida
665,Lars,O'Giany,logianyig@ocn.ne.jp,39259.88,Utah
666,Morna,Jore,mjoreih@stanford.edu,16600.05,South Carolina
667,Diannne,Middlewick,dmiddlewickii@bloglovin.com,687.68,Michigan
668,Roland,Lineham,rlinehamij@ucoz.com,35453.77,Alaska
669,Brynna,Degoey,bdegoeyik@elegantthemes.com,16788.2,Louisiana
670,Danica,Gercken,dgerckenil@sciencedirect.com,40545.54,North Carolina
671,Vincents,Wight,vwightim@nyu.edu,15900.67,Ohio
672,Hedwiga,Malzard,hmalzardin@instagram.com,33977.87,Maryland
673,Daphna,Castangia,dcastangiaio@usda.gov,15103.32,Arizona
674,Kylynn,Pretor,kpretorip@pbs.org,39758.61,District of Columbia
675,Desdemona,McCullum,dmccullumiq@omniture.com,46664.35,Washington
676,Paul,Penney,ppenneyir@deviantart.com,14277.87,Washington
677,Modesta,Legonidec,mlegonidecis@cbsnews.com,4141.23,Maryland
678,Amaleta,Dutson,adutsonit@wired.com,47329.76,Wisconsin
679,Harman,Blissitt,hblissittiu@dyndns.org,41850.52,North Carolina
680,Maria,Van der Velden,mvanderveldeniv@github.io,28472.43,Florida
681,Flory,Bedo,fbedoiw@plala.or.jp,5222.23,Indiana
682,Estele,Fraschetti,efraschettiix@sciencedaily.com,279.59,Alabama
683,Tildy,Arnley,tarnleyiy@qq.com,24212.24,Washington
684,Kalli,Giorgione,kgiorgioneiz@timesonline.co.uk,11969.24,Georgia
685,Kerby,Matthessen,kmatthessenj0@deviantart.com,11769.56,New York
686,Tamar,Kindred,tkindredj1@ifeng.com,31599.29,Georgia
687,Casey,Bruhnke,cbruhnkej2@scientificamerican.com,13103.15,Massachusetts
688,Fredericka,Agnew,fagnewj3@geocities.jp,30410.98,California
689,Brent,Bligh,bblighj4@netlog.com,38430.56,Arizona
690,Bourke,Brindle,bbrindlej5@ucoz.ru,4014.18,California
691,Percival,Leidecker,pleideckerj6@angelfire.com,33761.04,Michigan
692,Abigale,Santen,asantenj7@parallels.com,2921.52,Michigan
693,Zeb,Milne,zmilnej8@japanpost.jp,30971.95,Georgia
694,Kiele,Storcke,kstorckej9@mac.com,25547.68,Florida
695,Aloisia,De Andreis,adeandreisja@imgur.com,19510.98,Minnesota
696,Melvin,Pennington,mpenningtonjb@marriott.com,43391.59,Virginia
697,Iain,Banbrook,ibanbrookjc@skyrock.com,13901.22,Pennsylvania
698,Giffie,Fust,gfustjd@multiply.com,42355.41,Florida
699,Nixie,Dey,ndeyje@oracle.com,41358.77,Texas
700,Kattie,Thomton,kthomtonjf@bloglovin.com,2572.25,California
701,Ashley,Cattenach,acattenachjg@over-blog.com,11742.66,Florida
702,Lacy,Vaud,lvaudjh@joomla.org,3770.56,District of Columbia
703,Gwenneth,Sondland,gsondlandji@psu.edu,14598.67,Oklahoma
704,Clarabelle,Lehenmann,clehenmannjj@hhs.gov,20200.87,Arizona
705,Ara,Mattiello,amattiellojk@nasa.gov,29041.02,Indiana
706,Richard,Biasini,rbiasinijl@go.com,13461.33,District of Columbia
707,Ranna,Parkhouse,rparkhousejm@springer.com,39314.01,Colorado
708,Sondra,Clemenzo,sclemenzojn@free.fr,16984.07,District of Columbia
709,Abie,Jarrett,ajarrettjo@blogger.com,3131.19,California
710,Gussi,Iaduccelli,giaduccellijp@noaa.gov,19503.91,Pennsylvania
711,Pansie,Twycross,ptwycrossjq@networksolutions.com,47829.41,Alabama
712,Bevon,Iacopini,biacopinijr@who.int,18771.94,Arizona
713,Darren,Grog,dgrogjs@i2i.jp,40131.81,Louisiana
714,Babbie,Shorte,bshortejt@discovery.com,28817.43,District of Columbia
715,Cyndi,Carmody,ccarmodyju@oakley.com,30990.92,Ohio
716,Martie,Clausewitz,mclausewitzjv@patch.com,18776.92,South Carolina
717,Kriste,Letten,klettenjw@kickstarter.com,36592.55,Connecticut
718,Claudie,Perle,cperlejx@feedburner.com,22858.17,Texas
719,Cly,Spincke,cspinckejy@tamu.edu,43111.37,California
720,Thorin,Elford,telfordjz@opera.com,9022.05,California
721,Matilda,Gathercoal,mgathercoalk0@sciencedaily.com,11977.44,Florida
722,Othelia,Engelbrecht,oengelbrechtk1@nydailynews.com,30203.35,Florida
723,Angelia,Rembrandt,arembrandtk2@sphinn.com,45276.2,Florida
724,Perceval,Hukins,phukinsk3@booking.com,19732.09,Texas
725,Lari,Hagergham,lhagerghamk4@liveinternet.ru,32098.72,Colorado
726,Kleon,Coomer,kcoomerk5@walmart.com,3478.69,Washington
727,Sigrid,Lintin,slintink6@newsvine.com,19718.5,Virginia
728,Stella,Glaisner,sglaisnerk7@ovh.net,44992.68,West Virginia
729,Brander,Darwen,bdarwenk8@photobucket.com,45717.27,California
730,Jared,Meeke,jmeekek9@sina.com.cn,9217.65,New York
731,Anett,Sallans,asallanska@mail.ru,12225.84,California
732,Barney,Wynes,bwyneskb@virginia.edu,32586.66,Arkansas
733,Nettle,Calderhead,ncalderheadkc@noaa.gov,4405.42,Hawaii
734,Meggie,Blondell,mblondellkd@furl.net,8557.45,Mississippi
735,Tomi,Ryles,tryleske@scientificamerican.com,11210.93,Michigan
736,Carla,Bette,cbettekf@domainmarket.com,28790.76,Indiana
737,Piggy,Fildery,pfilderykg@rakuten.co.jp,35094.19,Indiana
738,Faith,Matevosian,fmatevosiankh@desdev.cn,7401.91,New York
739,Karine,Bosse,kbosseki@parallels.com,16451.64,California
740,Berenice,Ocheltree,bocheltreekj@stumbleupon.com,15577.4,California
741,Troy,Richardes,trichardeskk@amazon.com,34854.26,Arizona
742,Osborn,Skivington,oskivingtonkl@sakura.ne.jp,7861.0,New York
743,Sally,Measen,smeasenkm@barnesandnoble.com,10874.62,Florida
744,Kris,Trayes,ktrayeskn@elpais.com,44812.62,Texas
745,Dom,Brownhall,dbrownhallko@livejournal.com,15318.99,California
746,Filmore,Dougher,fdougherkp@nps.gov,7512.28,West Virginia
747,Lilias,Riglesford,lriglesfordkq@desdev.cn,28727.69,Texas
748,Prudi,Franca,pfrancakr@blinklist.com,21653.7,Ohio
749,Timoteo,Minors,tminorsks@is.gd,10161.71,New Jersey
750,Grady,Mustchin,gmustchinkt@pagesperso-orange.fr,17151.95,Colorado
751,Lorrie,Fulker,lfulkerku@ning.com,22229.73,South Dakota
752,Charissa,Adelberg,cadelbergkv@yahoo.com,25632.29,Minnesota
753,Megan,Howlett,mhowlettkw@harvard.edu,21624.69,New York
754,Dori,Poultney,dpoultneykx@diigo.com,4969.19,California
755,Pamella,Riddiough,priddioughky@ehow.com,26713.08,Florida
756,Gordie,Dumbar,gdumbarkz@freewebs.com,22654.25,California
757,Didi,MacEvilly,dmacevillyl0@bbc.co.uk,33505.33,Texas
758,Saunderson,Beavan,sbeavanl1@quantcast.com,44165.72,Texas
759,Oona,Glewe,oglewel2@friendfeed.com,11122.96,Kentucky
760,Henrie,Spurdle,hspurdlel3@techcrunch.com,42629.01,Rhode Island
761,Hamel,Mewe,hmewel4@indiatimes.com,48156.7,Florida
762,Cosme,Phare,cpharel5@blogger.com,47431.43,Delaware
763,Sergeant,Kloster,sklosterl6@is.gd,49079.06,Missouri
764,Audra,Edlington,aedlingtonl7@intel.com,38767.48,California
765,Philly,Pouton,ppoutonl8@infoseek.co.jp,46144.37,Florida
766,Sibelle,Pirot,spirotl9@china.com.cn,36775.32,Illinois
767,Hedda,Bussetti,hbussettila@upenn.edu,32027.78,North Dakota
768,Mariann,Olpin,molpinlb@dagondesign.com,25601.48,Missouri
769,Calypso,Postles,cpostleslc@japanpost.jp,25044.04,Oklahoma
770,Fancy,Chapiro,fchapirold@cnet.com,12299.19,District of Columbia
771,Barbie,Wyse,bwysele@jiathis.com,19397.02,Georgia
772,Carolyn,Levy,clevylf@umich.edu,1597.43,Tennessee
773,Martita,De Filippo,mdefilippolg@geocities.jp,49038.2,Louisiana
774,Adriane,Liverock,aliverocklh@tinypic.com,32192.68,Ohio
775,Corliss,Dampier,cdampierli@freewebs.com,18332.34,California
776,Lotty,Geroldo,lgeroldolj@cisco.com,25043.09,Kentucky
777,Rawley,Kenyam,rkenyamlk@japanpost.jp,45188.9,Alaska
778,Bernard,Brockton,bbrocktonll@clickbank.net,46108.92,Georgia
779,Jsandye,Schistl,jschistllm@behance.net,12243.22,New York
780,Filberto,Bodicum,fbodicumln@nyu.edu,37105.8,Ohio
781,Lamond,Risen,lrisenlo@imdb.com,18425.12,California
782,Lew,Favela,lfavelalp@t.co,28567.06,Alabama
783,Penelope,Croster,pcrosterlq@scribd.com,37691.99,Washington
784,Holly,Bligh,hblighlr@zimbio.com,31907.47,Missouri
785,Elvis,Palethorpe,epalethorpels@foxnews.com,13700.59,New York
786,Maury,Holcroft,mholcroftlt@kickstarter.com,21857.54,Colorado
787,Alberto,Dunmore,adunmorelu@stanford.edu,26172.49,Washington
788,Clarinda,Pedri,cpedrilv@wikimedia.org,24277.44,Texas
789,Melesa,Bolding,mboldinglw@businesswire.com,22443.18,California
790,Emmanuel,McLenaghan,emclenaghanlx@istockphoto.com,30746.15,Pennsylvania
791,Hannis,Oakhill,hoakhillly@instagram.com,39968.6,Virginia
792,Aloin,Splevin,asplevinlz@tamu.edu,3678.32,Georgia
793,Caye,Puleque,cpulequem0@weather.com,1449.4,Missouri
794,Moreen,Wehner,mwehnerm1@bloglines.com,45119.61,Florida
795,Sophey,Farndon,sfarndonm2@free.fr,8745.4,Montana
796,Salmon,Burgher,sburgherm3@eepurl.com,45755.49,New York
797,Anna-maria,Zannotti,azannottim4@taobao.com,47405.56,Texas
798,Tonya,Bielby,tbielbym5@hp.com,34816.81,District of Columbia
799,Egbert,Mackrell,emackrellm6@cnbc.com,4925.12,Florida
800,Berta,Pales,bpalesm7@narod.ru,30519.78,Washington
801,Kennedy,Konzel,kkonzelm8@dailymotion.com,8736.4,Pennsylvania
802,Ermengarde,Heinsh,eheinshm9@icio.us,2071.2,Missouri
803,Philbert,Mutch,pmutchma@oaic.gov.au,34495.9,California
804,Hamid,Blundan,hblundanmb@springer.com,17139.98,Pennsylvania
805,Kellsie,Porkiss,kporkissmc@cnet.com,952.08,Tennessee
806,Gwenora,Cousen,gcousenmd@nifty.com,35852.42,South Carolina
807,Lefty,Steade,lsteademe@oracle.com,46543.09,California
808,Karyl,French,kfrenchmf@newyorker.com,39614.02,Pennsylvania
809,Fransisco,Boord,fboordmg@slate.com,31727.7,Wisconsin
810,Pansie,Cogan,pcoganmh@usa.gov,7581.76,Arkansas
811,Elyssa,Cumpton,ecumptonmi@amazon.com,593.29,South Dakota
812,Saleem,Veracruysse,sveracruyssemj@nsw.gov.au,30423.47,Florida
813,Noak,Barosch,nbaroschmk@cnet.com,11386.92,District of Columbia
814,Martina,Sherwin,msherwinml@nps.gov,26526.63,Florida
815,Marylou,Eddins,meddinsmm@ed.gov,31814.63,New York
816,Galina,Ribchester,gribchestermn@chron.com,49204.09,California
817,Cyndie,Rosenkrantz,crosenkrantzmo@reuters.com,7808.04,Minnesota
818,Susannah,Burborough,sburboroughmp@cnet.com,4954.81,Georgia
819,Efrem,Packman,epackmanmq@smugmug.com,38720.09,Rhode Island
820,Keeley,Ranklin,kranklinmr@cpanel.net,32397.43,Michigan
821,William,Baggarley,wbaggarleyms@blinklist.com,37310.41,Idaho
822,Mathe,Rawes,mrawesmt@oakley.com,15824.87,Texas
823,Ethelyn,Kaliszewski,ekaliszewskimu@flavors.me,1869.06,Texas
824,Cosimo,Curling,ccurlingmv@mapquest.com,19812.27,Oklahoma
825,Freddy,Trowbridge,ftrowbridgemw@unc.edu,32222.63,Georgia
826,Arden,Waterhowse,awaterhowsemx@nifty.com,34388.59,District of Columbia
827,Tine,Spiby,tspibymy@amazonaws.com,12488.15,Florida
828,Pat,Spurret,pspurretmz@github.io,14467.31,Wisconsin
829,Jon,Brookz,jbrookzn0@disqus.com,17484.77,Oklahoma
830,Beltran,Tuft,btuftn1@feedburner.com,44339.07,New Hampshire
831,Cristian,Howel,choweln2@nbcnews.com,38592.83,Hawaii
832,Isidore,Bethune,ibethunen3@cdc.gov,26750.07,Florida
833,Carlee,Featherbie,cfeatherbien4@tmall.com,11440.85,North Carolina
834,Pebrook,Dilloway,pdillowayn5@irs.gov,9692.21,New York
835,Brita,Beale,bbealen6@mit.edu,33688.81,Arizona
836,Lenore,Slessar,lslessarn7@webeden.co.uk,15311.72,Nebraska
837,Paquito,Bulluck,pbulluckn8@gnu.org,42378.55,Mississippi
838,Avrit,Tribbeck,atribbeckn9@cloudflare.com,13717.96,Nebraska
839,Liza,Frearson,lfrearsonna@dailymail.co.uk,24390.04,South Carolina
840,Kimberli,Childerley,kchilderleynb@stanford.edu,46164.21,Georgia
841,Petra,Jurgenson,pjurgensonnc@princeton.edu,24468.2,New York
842,Tobe,Kneel,tkneelnd@ning.com,7563.07,Minnesota
843,Flint,Loraine,florainene@weebly.com,4647.6,Illinois
844,Clarke,Akett,cakettnf@smh.com.au,37506.88,North Carolina
845,Vikki,Venable,vvenableng@samsung.com,32565.53,Indiana
846,Drake,Walters,dwaltersnh@wordpress.org,3345.69,Ohio
847,Elsey,Hansard,ehansardni@meetup.com,31683.84,Massachusetts
848,Tine,Spong,tspongnj@nymag.com,25152.48,California
849,Emelda,Beckinsall,ebeckinsallnk@about.com,42972.81,Missouri
850,Nataniel,Froome,nfroomenl@sbwire.com,47272.03,Indiana
851,Nertie,Leatt,nleattnm@bizjournals.com,23352.68,South Carolina
852,Derron,Braid,dbraidnn@china.com.cn,30457.29,Alabama
853,Rudolfo,Woollett,rwoollettno@aol.com,6099.47,New York
854,Alina,Vila,avilanp@about.com,6995.51,Illinois
855,Cristal,McCord,cmccordnq@auda.org.au,24329.11,Michigan
856,Phineas,Boatwright,pboatwrightnr@goo.gl,45084.4,Ohio
857,Nikolaos,Embury,nemburyns@diigo.com,48369.32,Colorado
858,Faber,Portwain,fportwainnt@house.gov,15688.6,California
859,Zechariah,Jedryka,zjedrykanu@google.de,18438.95,Alaska
860,Grata,Kollaschek,gkollascheknv@utexas.edu,46765.25,Nebraska
861,Katrine,Cater,kcaternw@nifty.com,21271.99,North Carolina
862,Carleton,Folini,cfolininx@hostgator.com,19267.26,New York
863,Sheryl,Burgon,sburgonny@ucsd.edu,32985.22,Texas
864,Sandro,Karmel,skarmelnz@flickr.com,31448.26,Virginia
865,Clemence,McCutcheon,cmccutcheono0@list-manage.com,28377.33,Ohio
866,Sophronia,Cumberbatch,scumberbatcho1@privacy.gov.au,19249.17,Georgia
867,Marnia,Denisyuk,mdenisyuko2@boston.com,47392.12,Texas
868,Andros,Steele,asteeleo3@sakura.ne.jp,35373.53,District of Columbia
869,Kimmie,Milsom,kmilsomo4@edublogs.org,24260.31,Florida
870,Trudi,Calderonello,tcalderonelloo5@google.co.jp,34592.81,Minnesota
871,Karalynn,Caldaro,kcaldaroo6@cbc.ca,837.72,Florida
872,Jeanie,Lampett,jlampetto7@nbcnews.com,16444.02,Texas
873,Elsie,Le Fleming,eleflemingo8@netvibes.com,41815.97,Maryland
874,Dacey,Tunuy,dtunuyo9@vkontakte.ru,42560.25,Oregon
875,Rosemarie,Novill,rnovilloa@weebly.com,15776.73,New York
876,Cindee,Baudinet,cbaudinetob@webmd.com,8116.25,Alabama
877,Collen,Stanhope,cstanhopeoc@posterous.com,48083.7,Florida
878,Clemens,Rickards,crickardsod@csmonitor.com,10134.53,Florida
879,Suzi,Jukes,sjukesoe@marketwatch.com,9761.64,Texas
880,Ashli,Diano,adianoof@economist.com,19499.18,California
881,Mandie,Gilby,mgilbyog@eventbrite.com,11566.97,Alabama
882,Shelli,Breckin,sbreckinoh@tinypic.com,17276.91,Utah
883,Kimberli,Mawer,kmaweroi@economist.com,15385.99,District of Columbia
884,Bess,Atwool,batwooloj@sciencedaily.com,38800.85,Delaware
885,Rikki,Ruusa,rruusaok@opensource.org,13818.16,California
886,Arluene,Hastwall,ahastwallol@bloglines.com,13892.79,Illinois
887,Eolande,Tune,etuneom@wisc.edu,41425.22,Tennessee
888,Morton,Skellon,mskellonon@sciencedirect.com,42907.4,California
889,Keene,Traher,ktraheroo@who.int,49039.29,Texas
890,Jany,Zellner,jzellnerop@biglobe.ne.jp,21128.96,Texas
891,Damaris,Graddell,dgraddelloq@sciencedaily.com,37006.71,Texas
892,Padgett,Yven,pyvenor@theatlantic.com,11185.04,Tennessee
893,Florenza,Drinkhill,fdrinkhillos@hatena.ne.jp,48684.63,Florida
894,Hazel,Lusty,hlustyot@wikispaces.com,10829.67,Alabama
895,Quincy,McCluin,qmccluinou@pen.io,23251.92,Florida
896,Masha,Erskine,merskineov@blogs.com,46119.17,Connecticut
897,Kathe,Hussy,khussyow@dion.ne.jp,14008.9,Virginia
898,Teodoor,Jiggle,tjiggleox@blogs.com,8496.02,Florida
899,Evin,Thornley,ethornleyoy@narod.ru,4619.39,South Carolina
900,Mickie,Lunnon,mlunnonoz@csmonitor.com,34083.23,Tennessee
901,Sabrina,Sayburn,ssayburnp0@cmu.edu,27490.74,California
902,Catlee,Yeudall,cyeudallp1@dailymail.co.uk,251.15,Kansas
903,Nat,Dishman,ndishmanp2@google.co.uk,13835.53,Colorado
904,Berget,Courvert,bcourvertp3@europa.eu,36241.22,New York
905,Nertie,Kestell,nkestellp4@gizmodo.com,706.47,Idaho
906,Claudell,Sturt,csturtp5@blogspot.com,32084.7,Texas
907,Vaughan,Burr,vburrp6@wufoo.com,14489.38,Kentucky
908,Winthrop,Loadsman,wloadsmanp7@alexa.com,48399.43,Louisiana
909,Serge,Themann,sthemannp8@youtu.be,18767.12,Ohio
910,Jarid,Ferrino,jferrinop9@jigsy.com,22642.39,Tennessee
911,Joeann,Spencelayh,jspencelayhpa@storify.com,28761.51,Illinois
912,Alayne,Trenholme,atrenholmepb@huffingtonpost.com,46341.44,Illinois
913,Kalle,Batha,kbathapc@reverbnation.com,5609.26,Florida
914,Abram,Dericot,adericotpd@icq.com,40616.42,Missouri
915,Bern,MacDowal,bmacdowalpe@boston.com,1291.18,Oklahoma
916,Padraig,Lensch,plenschpf@shinystat.com,1325.73,Illinois
917,Dare,de Zamora,ddezamorapg@seesaa.net,15967.96,New York
918,Anni,Baynom,abaynomph@theglobeandmail.com,24832.8,New York
919,Cherry,Saunder,csaunderpi@archive.org,27351.67,Virginia
920,Armstrong,Dufaire,adufairepj@4shared.com,35595.88,Arizona
921,Katuscha,Morecombe,kmorecombepk@ibm.com,8554.51,New York
922,Camilla,Reignard,creignardpl@nps.gov,27130.81,California
923,Cordell,Retallick,cretallickpm@google.ca,3267.28,Florida
924,Lev,Southworth,lsouthworthpn@discovery.com,16791.08,Nebraska
925,Thoma,Standing,tstandingpo@google.co.uk,36558.0,Georgia
926,Dael,Clappson,dclappsonpp@sogou.com,2217.43,Kentucky
927,Egor,Moreno,emorenopq@soundcloud.com,12654.14,California
928,Inesita,Ghilks,ighilkspr@phoca.cz,1207.02,California
929,Jenelle,Seldner,jseldnerps@virginia.edu,23243.64,Texas
930,Lula,McKie,lmckiept@va.gov,33668.78,Mississippi
931,Hinda,Wiggett,hwiggettpu@disqus.com,18756.58,Virginia
932,Gustav,Tollerfield,gtollerfieldpv@marriott.com,28091.45,Texas
933,Morna,Barden,mbardenpw@economist.com,41769.01,Hawaii
934,Nonah,Taffee,ntaffeepx@mayoclinic.com,358.15,Wisconsin
935,Devy,Haill,dhaillpy@theguardian.com,19799.88,California
936,Adelina,Becket,abecketpz@dagondesign.com,39427.73,Florida
937,Crin,Pyett,cpyettq0@delicious.com,7433.72,Delaware
938,Ophelie,Eddicott,oeddicottq1@uiuc.edu,11240.47,Connecticut
939,Hardy,Sangwin,hsangwinq2@slate.com,16616.58,Ohio
940,Jeremias,Mateos,jmateosq3@qq.com,1080.93,Indiana
941,Garv,Adolfson,gadolfsonq4@biglobe.ne.jp,25803.43,Tennessee
942,Francyne,Essame,fessameq5@hp.com,24849.49,Kentucky
943,Christi,Godsal,cgodsalq6@live.com,26410.09,Texas
944,Rasla,Housen,rhousenq7@sbwire.com,3817.51,District of Columbia
945,Ettie,Leall,eleallq8@cyberchimps.com,27571.36,California
946,Hasheem,Corry,hcorryq9@drupal.org,19796.49,California
947,Donica,Wagenen,dwagenenqa@merriam-webster.com,15378.6,North Carolina
948,Annecorinne,Brazer,abrazerqb@chron.com,32834.7,Washington
949,Wright,Viles,wvilesqc@ebay.com,1238.57,Pennsylvania
950,Alf,Summerton,asummertonqd@xing.com,7541.3,Colorado
951,Stephana,Vlasyuk,svlasyukqe@ask.com,35423.35,New Jersey
952,Hephzibah,Cully,hcullyqf@github.com,14402.05,Ohio
953,Rubi,Harback,rharbackqg@wisc.edu,9802.94,Colorado
954,Danila,Benjamin,dbenjaminqh@domainmarket.com,1171.36,Pennsylvania
955,Wood,Rosenblum,wrosenblumqi@mapy.cz,29546.86,Colorado
956,Grethel,Merigot,gmerigotqj@craigslist.org,27704.69,Iowa
957,Gerta,Fittes,gfittesqk@oaic.gov.au,44793.21,Idaho
958,Rosemaria,Clayfield,rclayfieldql@tripadvisor.com,32606.71,Pennsylvania
959,Lira,Smalridge,lsmalridgeqm@friendfeed.com,32013.93,Colorado
960,Rusty,Preist,rpreistqn@squarespace.com,38607.23,Alabama
961,Danie,Cockcroft,dcockcroftqo@behance.net,22211.05,Alabama
962,Baron,Eastmead,beastmeadqp@ezinearticles.com,33683.42,Georgia
963,Shannon,Winterton,swintertonqq@home.pl,9411.56,Colorado
964,Linnea,Stathers,lstathersqr@hatena.ne.jp,2215.02,Indiana
965,Stephi,Craster,scrasterqs@mapy.cz,46289.33,District of Columbia
966,Bailie,Shekle,bshekleqt@alexa.com,35866.94,Texas
967,Bucky,Costan,bcostanqu@omniture.com,3056.66,Tennessee
968,Dan,Joule,djouleqv@icq.com,35600.08,Nebraska
969,Skipper,Lovelady,sloveladyqw@studiopress.com,48137.05,Tennessee
970,Keen,Beckwith,kbeckwithqx@t-online.de,44097.37,New Jersey
971,Lucian,Hanretty,lhanrettyqy@macromedia.com,3348.41,Florida
972,Mendie,Musprat,mmuspratqz@jiathis.com,29220.8,California
973,Malynda,O'Hengerty,mohengertyr0@fastcompany.com,37946.52,California
974,Etta,Fasse,efasser1@gravatar.com,30589.75,California
975,Munroe,Stiegers,mstiegersr2@dyndns.org,1144.36,Texas
976,Chuck,Leebeter,cleebeterr3@1und1.de,27864.02,Colorado
977,Agnese,Shattock,ashattockr4@noaa.gov,25769.15,District of Columbia
978,Rahel,Cutill,rcutillr5@buzzfeed.com,23177.27,New Jersey
979,Neely,Vasser,nvasserr6@nyu.edu,28647.13,Michigan
980,Albert,Derrell,aderrellr7@freewebs.com,49475.86,Texas
981,Vinnie,Allam,vallamr8@ning.com,18317.51,Pennsylvania
982,Bartlet,Deane,bdeaner9@nhs.uk,44512.52,California
983,Zach,Dunston,zdunstonra@walmart.com,31333.19,California
984,Christian,Merwe,cmerwerb@geocities.jp,352.74,District of Columbia
985,Maurits,Vanyakin,mvanyakinrc@slideshare.net,30133.44,Virginia
986,Dagny,Goodhand,dgoodhandrd@digg.com,40321.67,California
987,Nissy,Martonfi,nmartonfire@gnu.org,32182.55,District of Columbia
988,Sidnee,Sheed,ssheedrf@dagondesign.com,45262.29,District of Columbia
989,Graham,Sell,gsellrg@wikia.com,23755.28,Washington
990,Celisse,Maydwell,cmaydwellrh@rambler.ru,15125.38,Pennsylvania
991,Kellen,Papierz,kpapierzri@zimbio.com,3343.28,North Carolina
992,Yulma,Smyth,ysmythrj@gizmodo.com,49060.12,North Carolina
993,Adah,Rubroe,arubroerk@dedecms.com,3841.38,District of Columbia
994,Laurie,Kidman,lkidmanrl@reference.com,598.21,Texas
995,Nicole,Heasley,nheasleyrm@oaic.gov.au,24366.67,Florida
996,Felita,English,fenglishrn@odnoklassniki.ru,40332.57,Washington
997,Gwendolen,McNiven,gmcnivenro@unc.edu,34654.98,Florida
998,Giraud,Trump,gtrumprp@bbc.co.uk,18664.06,Nevada
999,Kalvin,Reavey,kreaveyrq@multiply.com,48423.6,Mississippi
1000,Violette,Tollett,vtollettrr@issuu.com,46691.49,Alabama
